-- Using tempdb to create Product table.
USE dataanalyst_practice;

-- Using CREATE command, create Product table.
CREATE TABLE Products_1 (
    ProductID INT PRIMARY KEY,
    ProductName VARCHAR(125) NOT NULL,
    Category VARCHAR(50) NOT NULL,
    CategoryID INT NOT NULL,
    Price DECIMAL(10 , 2 ),
    OrderID INT UNIQUE
);

-- Using CREATE command, create Categories table.
CREATE TABLE Categories_1 (
    CategoryID INT PRIMARY KEY,
    Category VARCHAR(50) NOT NULL,
    Category_description TEXT
);


-- Insert 10 categories
INSERT INTO Categories_1 (CategoryID, Category, Category_description) 
VALUES
(1, 'Electronics', 'Devices and gadgets'),
(2, 'Furniture', 'Home and office furniture'),
(3, 'Clothing', 'Men and women apparel'),
(4, 'Books', 'Educational and leisure books'),
(5, 'Sports', 'Sports equipment and gear'),
(6, 'Toys', 'Children toys and games'),
(7, 'Groceries', 'Daily food and essentials'),
(8, 'Beauty', 'Cosmetics and skincare'),
(9, 'Automotive', 'Car accessories and parts'),
(10, 'Jewelry', 'Gold, silver, and fashion jewelry');

-- Insert 227 products
INSERT INTO Products_1 (ProductID, ProductName, Category, CategoryID, Price, OrderID) 
VALUES
(101, 'Smartphone X', 'Electronics', 1, 699.99, 1001),
(102, 'Laptop Pro', 'Electronics', 1, 1299.50, 1002),
(103, 'Headphones', 'Electronics', 1, 199.00, 1003),
(104, 'Office Chair', 'Furniture', 2, 199.99, 1004),
(105, 'Dining Table', 'Furniture', 2, 499.00, 1005),
(106, 'Sofa Set', 'Furniture', 2, 899.00, 1006),
(107, 'T-Shirt', 'Clothing', 3, 19.99, 1007),
(108, 'Jeans', 'Clothing', 3, 39.99, 1008),
(109, 'Jacket', 'Clothing', 3, 79.99, 1009),
(110, 'Novel Book', 'Books', 4, 12.50, 1010),
(111, 'Textbook', 'Books', 4, 59.99, 1011),
(112, 'Comics', 'Books', 4, 8.99, 1012),
(113, 'Football', 'Sports', 5, 25.00, 1013),
(114, 'Tennis Racket', 'Sports', 5, 89.99, 1014),
(115, 'Cricket Bat', 'Sports', 5, 55.00, 1015),
(116, 'Toy Car', 'Toys', 6, 15.00, 1016),
(117, 'Doll', 'Toys', 6, 22.00, 1017),
(118, 'Puzzle Set', 'Toys', 6, 12.00, 1018),
(119, 'Rice Bag', 'Groceries', 7, 45.00, 1019),
(120, 'Cooking Oil', 'Groceries', 7, 12.00, 1020),
(121, 'Milk Pack', 'Groceries', 7, 2.50, 1021),
(122, 'Lipstick', 'Beauty', 8, 18.00, 1022),
(123, 'Face Cream', 'Beauty', 8, 25.00, 1023),
(124, 'Perfume', 'Beauty', 8, 60.00, 1024),
(125, 'Car Tyre', 'Automotive', 9, 120.00, 1025),
(126, 'Tablet Z', 'Electronics', 1, 499.00, 1026),
(127, 'Smartwatch', 'Electronics', 1, 199.00, 1027),
(128, 'Bluetooth Speaker', 'Electronics', 1, 99.00, 1028),
(129, 'Gaming Console', 'Electronics', 1, 399.00, 1029),
(130, 'Monitor 24-inch', 'Electronics', 1, 150.00, 1030),
(131, 'Wireless Mouse', 'Electronics', 1, 25.00, 1031),
(132, 'External Hard Drive', 'Electronics', 1, 89.00, 1032),
(133, 'Bookshelf', 'Furniture', 2, 120.00, 1033),
(134, 'Bed Frame', 'Furniture', 2, 450.00, 1034),
(135, 'Wardrobe', 'Furniture', 2, 600.00, 1035),
(136, 'Coffee Table', 'Furniture', 2, 180.00, 1036),
(137, 'TV Stand', 'Furniture', 2, 220.00, 1037),
(138, 'Recliner Chair', 'Furniture', 2, 350.00, 1038),
(139, 'Dining Chair Set', 'Furniture', 2, 300.00, 1039),
(140, 'Sweater', 'Clothing', 3, 45.00, 1040),
(141, 'Shorts', 'Clothing', 3, 25.00, 1041),
(142, 'Cap', 'Clothing', 3, 15.00, 1042),
(143, 'Socks Pack', 'Clothing', 3, 10.00, 1043),
(144, 'Formal Shirt', 'Clothing', 3, 35.00, 1044),
(145, 'Skirt', 'Clothing', 3, 30.00, 1045),
(146, 'Blazer', 'Clothing', 3, 120.00, 1046),
(147, 'Track Pants', 'Clothing', 3, 40.00, 1047),
(148, 'Basketball', 'Sports', 5, 30.00, 1048),
(149, 'Badminton Racket', 'Sports', 5, 45.00, 1049),
(150, 'Running Shoes', 'Sports', 5, 85.00, 1050),
(151, 'Gym Gloves', 'Sports', 5, 20.00, 1051),
(152, 'Yoga Mat', 'Sports', 5, 25.00, 1052),
(153, 'Skipping Rope', 'Sports', 5, 12.00, 1053),
(154, 'Hockey Stick', 'Sports', 5, 60.00, 1054),
(155, 'Swimming Goggles', 'Sports', 5, 18.00, 1055),
(156, 'Smartphone Z', 'Electronics', 1, 799.00, 1056),
(157, 'Laptop Ultra', 'Electronics', 1, 1199.00, 1057),
(158, 'Tablet Pro', 'Electronics', 1, 550.00, 1058),
(159, 'Smartwatch Lite', 'Electronics', 1, 180.00, 1059),
(160, 'Bluetooth Headset', 'Electronics', 1, 95.00, 1060),
(161, 'Gaming Console X', 'Electronics', 1, 420.00, 1061),
(162, 'Monitor 32-inch', 'Electronics', 1, 280.00, 1062),
(163, 'Printer Laser', 'Electronics', 1, 200.00, 1063),
(164, 'WiFi Router', 'Electronics', 1, 75.00, 1064),
(165, 'External SSD 1TB', 'Electronics', 1, 150.00, 1065),
(166, 'Camera Mirrorless', 'Electronics', 1, 700.00, 1066),
(167, 'Study Desk', 'Furniture', 2, 260.00, 1067),
(168, 'Bookshelf Medium', 'Furniture', 2, 150.00, 1068),
(169, 'Bed Queen Size', 'Furniture', 2, 650.00, 1069),
(170, 'Wardrobe 2-Door', 'Furniture', 2, 500.00, 1070),
(171, 'Coffee Table Square', 'Furniture', 2, 180.00, 1071),
(172, 'TV Stand Modern', 'Furniture', 2, 280.00, 1072),
(173, 'Recliner Sofa', 'Furniture', 2, 820.00, 1073),
(174, 'Dining Chair Pair', 'Furniture', 2, 220.00, 1074),
(175, 'Kitchen Cabinet Small', 'Furniture', 2, 400.00, 1075),
(176, 'Office Desk Compact', 'Furniture', 2, 320.00, 1076),
(177, 'Side Table Round', 'Furniture', 2, 110.00, 1077),
(178, 'Casual Shirt Cotton', 'Clothing', 3, 28.00, 1078),
(179, 'Formal Pants Slim', 'Clothing', 3, 48.00, 1079),
(180, 'Sweater Woolen', 'Clothing', 3, 60.00, 1080),
(181, 'Shorts Denim', 'Clothing', 3, 30.00, 1081),
(182, 'Cap Sports', 'Clothing', 3, 18.00, 1082),
(183, 'Socks Pack 3', 'Clothing', 3, 10.00, 1083),
(184, 'Blazer Classic', 'Clothing', 3, 130.00, 1084),
(185, 'Skirt Pleated', 'Clothing', 3, 40.00, 1085),
(186, 'Track Pants', 'Clothing', 3, 42.00, 1086),
(187, 'Leather Jacket', 'Clothing', 3, 160.00, 1087),
(188, 'Hoodie Casual', 'Clothing', 3, 55.00, 1088),
(189, 'Gold Ring', 'Jewelry', 10, 299.00, 1089),
(190, 'Silver Necklace', 'Jewelry', 10, 199.00, 1090),
(191, 'Diamond Earrings', 'Jewelry', 10, 1200.00, 1091),
(192, 'Pearl Bracelet', 'Jewelry', 10, 350.00, 1092),
(193, 'Platinum Chain', 'Jewelry', 10, 1500.00, 1093),
(194, 'Gemstone Pendant', 'Jewelry', 10, 450.00, 1094),
(195, 'Gold Bangles', 'Jewelry', 10, 600.00, 1095),
(196, 'Silver Anklet', 'Jewelry', 10, 180.00, 1096),
(197, 'Diamond Ring', 'Jewelry', 10, 2000.00, 1097),
(198, 'Ruby Necklace', 'Jewelry', 10, 950.00, 1098),
(199, 'Emerald Earrings', 'Jewelry', 10, 800.00, 1099),
(200, 'Sapphire Bracelet', 'Jewelry', 10, 700.00, 1100),
(201, 'Gold Chain', 'Jewelry', 10, 400.00, 1101),
(202, 'Toy Car', 'Toys', 6, 15.00, 1102),
(203, 'Doll', 'Toys', 6, 22.00, 1103),
(204, 'Puzzle Set', 'Toys', 6, 12.00, 1104),
(205, 'Board Game', 'Toys', 6, 35.00, 1105),
(206, 'Action Figure', 'Toys', 6, 25.00, 1106),
(207, 'Building Blocks', 'Toys', 6, 40.00, 1107),
(208, 'Remote Control Car', 'Toys', 6, 55.00, 1108),
(209, 'Stuffed Animal', 'Toys', 6, 20.00, 1109),
(210, 'Toy Train Set', 'Toys', 6, 60.00, 1110),
(211, 'Kite', 'Toys', 6, 10.00, 1111),
(212, 'Yo-Yo', 'Toys', 6, 8.00, 1112),
(213, 'Toy Drum', 'Toys', 6, 18.00, 1113),
(214, 'Toy Helicopter', 'Toys', 6, 45.00, 1114),
(215, 'Rice Bag', 'Groceries', 7, 45.00, 1115),
(216, 'Cooking Oil', 'Groceries', 7, 12.00, 1116),
(217, 'Milk Pack', 'Groceries', 7, 2.50, 1117),
(218, 'Sugar Pack', 'Groceries', 7, 20.00, 1118),
(219, 'Salt Pack', 'Groceries', 7, 5.00, 1119),
(220, 'Wheat Flour', 'Groceries', 7, 30.00, 1120),
(221, 'Tea Powder', 'Groceries', 7, 40.00, 1121),
(222, 'Coffee Powder', 'Groceries', 7, 60.00, 1122),
(223, 'Butter', 'Groceries', 7, 25.00, 1123),
(224, 'Cheese', 'Groceries', 7, 50.00, 1124),
(225, 'Eggs Pack', 'Groceries', 7, 35.00, 1125),
(226, 'Honey Jar', 'Groceries', 7, 70.00, 1126),
(227, 'Jam Bottle', 'Groceries', 7, 55.00, 1127);


-- Using CREATE command, create Customer table.
CREATE TABLE Customers_2(
     CustomerID INT PRIMARY KEY,
     CustomerName VARCHAR(100) NOT NULL,
     CustomerContact VARCHAR(15),
     Address VARCHAR(150)
);

-- Using CREATE command, create Orders table.
CREATE TABLE Orders_2(
     OrderID INT PRIMARY KEY,
     CustomerID INT NOT NULL,
     OrderDate DATE NOT NULL,
     OrderTime DATETIME NOT NULL,
     OrderUnit DECIMAL(7,2) NOT NULL,
     TotalAmount DECIMAL(10,2) NOT NULL,
     OrderStatus VARCHAR(50)
);

-- Insert 100 customers records.
INSERT INTO Customers_2 VALUES
(1,'Aarav Sharma','9876543201','Bengaluru, Karnataka'),
(2,'Diya Patel','9876543202','Ahmedabad, Gujarat'),
(3,'Vivaan Singh','9876543203','Jaipur, Rajasthan'),
(4,'Ananya Reddy','9876543204','Hyderabad, Telangana'),
(5,'Arjun Nair','9876543205','Kochi, Kerala'),
(6,'Meera Iyer','9876543206','Chennai, Tamil Nadu'),
(7,'Kabir Verma','9876543207','Lucknow, Uttar Pradesh'),
(8,'Ishita Gupta','9876543208','Delhi'),
(9,'Rohan Das','9876543209','Kolkata, West Bengal'),
(10,'Sneha Joshi','9876543210','Pune, Maharashtra'),
(11,'Rahul Kulkarni','9876543211','Mumbai, Maharashtra'),
(12,'Priya Menon','9876543212','Thiruvananthapuram, Kerala'),
(13,'Aditya Kapoor','9876543213','Chandigarh'),
(14,'Neha Yadav','9876543214','Noida, Uttar Pradesh'),
(15,'Karan Malhotra','9876543215','Gurugram, Haryana'),
(16,'Pooja Jain','9876543216','Indore, Madhya Pradesh'),
(17,'Siddharth Roy','9876543217','Kolkata, West Bengal'),
(18,'Ritika Sinha','9876543218','Patna, Bihar'),
(19,'Manish Tiwari','9876543219','Varanasi, Uttar Pradesh'),
(20,'Aditi Chawla','9876543220','Delhi'),
(21,'Nikhil Bansal','9876543221','Ludhiana, Punjab'),
(22,'Shreya Rao','9876543222','Mysuru, Karnataka'),
(23,'Harsh Agarwal','9876543223','Kanpur, Uttar Pradesh'),
(24,'Tanvi Deshmukh','9876543224','Nagpur, Maharashtra'),
(25,'Yash Mehta','9876543225','Surat, Gujarat'),
(26,'Ankit Saxena','9876543226','Bhopal, Madhya Pradesh'),
(27,'Riya Bose','9876543227','Kolkata, West Bengal'),
(28,'Deepak Mishra','9876543228','Prayagraj, Uttar Pradesh'),
(29,'Komal Arora','9876543229','Amritsar, Punjab'),
(30,'Vikram Shetty','9876543230','Mangaluru, Karnataka'),
(31,'Ayesha Khan','9876543231','Hyderabad, Telangana'),
(32,'Gaurav Sharma','9876543232','Delhi'),
(33,'Nisha Pillai','9876543233','Kochi, Kerala'),
(34,'Mohit Arora','9876543234','Jaipur, Rajasthan'),
(35,'Sonal Gupta','9876543235','Lucknow, Uttar Pradesh'),
(36,'Rajesh Patil','9876543236','Nashik, Maharashtra'),
(37,'Bhavna Shah','9876543237','Ahmedabad, Gujarat'),
(38,'Tarun Chopra','9876543238','Delhi'),
(39,'Akash Pandey','9876543239','Patna, Bihar'),
(40,'Simran Kaur','9876543240','Chandigarh'),
(41,'Keshav Rao','9876543241','Visakhapatnam, Andhra Pradesh'),
(42,'Lavanya Krishnan','9876543242','Chennai, Tamil Nadu'),
(43,'Ritesh Jain','9876543243','Indore, Madhya Pradesh'),
(44,'Nandini Verma','9876543244','Noida, Uttar Pradesh'),
(45,'Abhishek Singh','9876543245','Delhi'),
(46,'Payal Mehta','9876543246','Surat, Gujarat'),
(47,'Varun Bhatia','9876543247','Gurugram, Haryana'),
(48,'Swati Kulkarni','9876543248','Pune, Maharashtra'),
(49,'Hemant Joshi','9876543249','Dehradun, Uttarakhand'),
(50,'Ira Mukherjee','9876543250','Kolkata, West Bengal'),
(51,'Rohan Mehta','9876543251','Mumbai, Maharashtra'),
(52,'Anjali Verma','9876543252','Bengaluru, Karnataka'),
(53,'Vikas Sharma','9876543253','Jaipur, Rajasthan'),
(54,'Sanya Kapoor','9876543254','Delhi'),
(55,'Rahul Nair','9876543255','Kochi, Kerala'),
(56,'Divya Iyer','9876543256','Chennai, Tamil Nadu'),
(57,'Kunal Singh','9876543257','Lucknow, Uttar Pradesh'),
(58,'Pallavi Joshi','9876543258','Pune, Maharashtra'),
(59,'Arpit Gupta','9876543259','Kanpur, Uttar Pradesh'),
(60,'Neeraj Mishra','9876543260','Patna, Bihar'),
(61,'Shivani Rao','9876543261','Hyderabad, Telangana'),
(62,'Harsh Vyas','9876543262','Ahmedabad, Gujarat'),
(63,'Aman Chawla','9876543263','Chandigarh'),
(64,'Nikita Jain','9876543264','Indore, Madhya Pradesh'),
(65,'Rakesh Das','9876543265','Kolkata, West Bengal'),
(66,'Tanya Malhotra','9876543266','Gurugram, Haryana'),
(67,'Suresh Kumar','9876543267','Bhopal, Madhya Pradesh'),
(68,'Monika Arora','9876543268','Amritsar, Punjab'),
(69,'Ashish Roy','9876543269','Kolkata, West Bengal'),
(70,'Bhavya Reddy','9876543270','Hyderabad, Telangana'),
(71,'Nitin Shetty','9876543271','Mangaluru, Karnataka'),
(72,'Kriti Menon','9876543272','Thiruvananthapuram, Kerala'),
(73,'Yogesh Patil','9876543273','Nashik, Maharashtra'),
(74,'Sakshi Bansal','9876543274','Ludhiana, Punjab'),
(75,'Ajay Pandey','9876543275','Varanasi, Uttar Pradesh'),
(76,'Ishaan Sinha','9876543276','Patna, Bihar'),
(77,'Ruchi Agarwal','9876543277','Noida, Uttar Pradesh'),
(78,'Vivek Kulkarni','9876543278','Pune, Maharashtra'),
(79,'Priti Bose','9876543279','Kolkata, West Bengal'),
(80,'Adarsh Saxena','9876543280','Bhopal, Madhya Pradesh'),
(81,'Madhuri Shah','9876543281','Ahmedabad, Gujarat'),
(82,'Naveen Chopra','9876543282','Delhi'),
(83,'Rashmi Tiwari','9876543283','Prayagraj, Uttar Pradesh'),
(84,'Sanjay Arora','9876543284','Jaipur, Rajasthan'),
(85,'Megha Gupta','9876543285','Lucknow, Uttar Pradesh'),
(86,'Vinay Rao','9876543286','Visakhapatnam, Andhra Pradesh'),
(87,'Shruti Nair','9876543287','Kochi, Kerala'),
(88,'Deepika Singh','9876543288','Delhi'),
(89,'Anurag Jain','9876543289','Indore, Madhya Pradesh'),
(90,'Pooja Sharma','9876543290','Surat, Gujarat'),
(91,'Ritvik Kapoor','9876543291','Chandigarh'),
(92,'Sonal Mehra','9876543292','Mumbai, Maharashtra'),
(93,'Karthik Iyer','9876543293','Chennai, Tamil Nadu'),
(94,'Anusha Reddy','9876543294','Hyderabad, Telangana'),
(95,'Prakash Yadav','9876543295','Noida, Uttar Pradesh'),
(96,'Riya Malhotra','9876543296','Gurugram, Haryana'),
(97,'Girish Naik','9876543297','Mysuru, Karnataka'),
(98,'Vaishnavi Pillai','9876543298','Kochi, Kerala'),
(99,'Sameer Khanna','9876543299','Delhi'),
(100,'Aditi Sharma','9876543300','Bengaluru, Karnataka');

-- Insert 100 orders records.
INSERT INTO Orders_2 VALUES
(1001,1,'2025-01-05','2025-01-05 10:15:00',2,250.00,'Completed'),
(1002,1,'2025-02-12','2025-02-12 14:20:00',3,420.00,'Completed'),
(1003,2,'2025-01-08','2025-01-08 11:30:00',1,180.00,'Pending'),
(1004,2,'2025-03-15','2025-03-15 13:10:00',2,350.00,'Completed'),
(1005,3,'2025-01-11','2025-01-11 09:45:00',4,640.00,'Completed'),
(1006,3,'2025-04-22','2025-04-22 17:00:00',2,280.00,'Completed'),
(1007,4,'2025-01-14','2025-01-14 12:25:00',1,150.00,'Cancelled'),
(1008,4,'2025-02-28','2025-02-28 16:10:00',3,510.00,'Completed'),
(1009,5,'2025-01-18','2025-01-18 10:00:00',2,340.00,'Pending'),
(1010,5,'2025-03-20','2025-03-20 18:20:00',2,270.00,'Completed'),
(1011,6,'2025-01-21','2025-01-21 09:20:00',5,850.00,'Completed'),
(1012,6,'2025-05-01','2025-05-01 15:00:00',1,160.00,'Completed'),
(1013,7,'2025-01-25','2025-01-25 14:00:00',2,300.00,'Processing'),
(1014,7,'2025-03-11','2025-03-11 12:40:00',2,250.00,'Completed'),
(1015,8,'2025-02-02','2025-02-02 10:50:00',3,540.00,'Completed'),
(1016,8,'2025-05-09','2025-05-09 16:30:00',2,310.00,'Pending'),
(1017,9,'2025-02-05','2025-02-05 11:00:00',1,120.00,'Completed'),
(1018,9,'2025-04-10','2025-04-10 17:15:00',2,210.00,'Completed'),
(1019,10,'2025-02-08','2025-02-08 15:20:00',4,760.00,'Completed'),
(1020,10,'2025-05-12','2025-05-12 11:40:00',1,140.00,'Completed'),
(1021,11,'2025-02-12','2025-02-12 09:15:00',3,480.00,'Pending'),
(1022,11,'2025-04-25','2025-04-25 13:30:00',2,260.00,'Completed'),
(1023,12,'2025-02-18','2025-02-18 10:10:00',2,290.00,'Completed'),
(1024,12,'2025-05-18','2025-05-18 15:50:00',3,430.00,'Completed'),
(1025,13,'2025-02-22','2025-02-22 14:45:00',1,220.00,'Cancelled'),
(1026,13,'2025-04-29','2025-04-29 18:10:00',2,390.00,'Completed'),
(1027,14,'2025-03-01','2025-03-01 12:00:00',3,510.00,'Completed'),
(1028,14,'2025-05-20','2025-05-20 16:20:00',1,170.00,'Pending'),
(1029,15,'2025-03-05','2025-03-05 11:25:00',5,950.00,'Completed'),
(1030,15,'2025-05-25','2025-05-25 17:35:00',1,130.00,'Completed'),
(1031,16,'2025-03-09','2025-03-09 10:30:00',2,350.00,'Completed'),
(1032,17,'2025-03-10','2025-03-10 11:40:00',3,520.00,'Pending'),
(1033,18,'2025-03-12','2025-03-12 15:15:00',4,780.00,'Completed'),
(1034,19,'2025-03-15','2025-03-15 09:00:00',1,140.00,'Completed'),
(1035,20,'2025-03-18','2025-03-18 13:50:00',3,590.00,'Completed'),
(1036,21,'2025-03-20','2025-03-20 17:10:00',2,320.00,'Processing'),
(1037,22,'2025-03-25','2025-03-25 12:25:00',4,820.00,'Completed'),
(1038,23,'2025-04-01','2025-04-01 10:35:00',1,180.00,'Pending'),
(1039,24,'2025-04-03','2025-04-03 14:20:00',2,410.00,'Completed'),
(1040,25,'2025-04-05','2025-04-05 16:40:00',3,610.00,'Completed'),
(1041,26,'2025-04-08','2025-04-08 09:50:00',2,370.00,'Completed'),
(1042,27,'2025-04-10','2025-04-10 11:15:00',4,840.00,'Completed'),
(1043,28,'2025-04-12','2025-04-12 15:30:00',1,150.00,'Cancelled'),
(1044,29,'2025-04-15','2025-04-15 18:00:00',2,430.00,'Completed'),
(1045,30,'2025-04-18','2025-04-18 10:20:00',5,980.00,'Completed'),
(1046,31,'2025-04-20','2025-04-20 12:45:00',2,340.00,'Pending'),
(1047,32,'2025-04-22','2025-04-22 16:10:00',3,560.00,'Completed'),
(1048,33,'2025-04-25','2025-04-25 11:35:00',1,190.00,'Completed'),
(1049,34,'2025-04-28','2025-04-28 14:55:00',4,760.00,'Completed'),
(1050,35,'2025-05-02','2025-05-02 17:20:00',2,390.00,'Processing'),
(1051,36,'2023-01-10','2023-01-10 10:15:00',2,260.00,'Completed'),
(1052,37,'2023-01-18','2023-01-18 14:30:00',3,480.00,'Pending'),
(1053,38,'2023-02-02','2023-02-02 11:20:00',1,190.00,'Completed'),
(1054,39,'2023-02-14','2023-02-14 15:45:00',4,720.00,'Completed'),
(1055,40,'2023-02-28','2023-02-28 09:50:00',2,340.00,'Cancelled'),
(1056,41,'2023-03-05','2023-03-05 13:10:00',5,910.00,'Completed'),
(1057,42,'2023-03-18','2023-03-18 16:20:00',3,530.00,'Processing'),
(1058,43,'2023-03-27','2023-03-27 12:35:00',2,310.00,'Completed'),
(1059,44,'2023-04-04','2023-04-04 10:05:00',1,170.00,'Pending'),
(1060,45,'2023-04-15','2023-04-15 17:40:00',4,790.00,'Completed'),
(1061,46,'2023-04-26','2023-04-26 11:25:00',2,360.00,'Completed'),
(1062,47,'2023-05-08','2023-05-08 14:55:00',3,540.00,'Completed'),
(1063,48,'2023-05-19','2023-05-19 09:40:00',2,320.00,'Pending'),
(1064,49,'2023-06-02','2023-06-02 16:15:00',5,950.00,'Completed'),
(1065,50,'2023-06-14','2023-06-14 13:50:00',1,180.00,'Completed'),
(1066,1,'2023-07-01','2023-07-01 10:30:00',3,470.00,'Completed'),
(1067,2,'2023-07-15','2023-07-15 15:20:00',2,290.00,'Processing'),
(1068,3,'2023-08-03','2023-08-03 12:10:00',4,760.00,'Completed'),
(1069,4,'2023-08-20','2023-08-20 11:45:00',2,350.00,'Pending'),
(1070,5,'2023-09-05','2023-09-05 17:30:00',1,160.00,'Completed'),
(1071,6,'2023-09-18','2023-09-18 09:15:00',5,980.00,'Completed'),
(1072,7,'2023-10-04','2023-10-04 14:05:00',3,510.00,'Completed'),
(1073,8,'2023-10-19','2023-10-19 16:25:00',2,330.00,'Cancelled'),
(1074,9,'2023-11-06','2023-11-06 10:50:00',4,810.00,'Completed'),
(1075,10,'2023-11-22','2023-11-22 13:35:00',2,390.00,'Completed'),
(1076,11,'2024-01-08','2024-01-08 09:45:00',3,520.00,'Completed'),
(1077,12,'2024-01-20','2024-01-20 15:10:00',1,210.00,'Pending'),
(1078,13,'2024-02-05','2024-02-05 11:55:00',2,340.00,'Completed'),
(1079,14,'2024-02-17','2024-02-17 16:40:00',5,930.00,'Completed'),
(1080,15,'2024-03-02','2024-03-02 12:20:00',4,780.00,'Processing'),
(1081,16,'2024-03-16','2024-03-16 10:35:00',2,360.00,'Completed'),
(1082,17,'2024-03-28','2024-03-28 17:00:00',3,550.00,'Pending'),
(1083,18,'2024-04-09','2024-04-09 13:15:00',1,190.00,'Completed'),
(1084,19,'2024-04-22','2024-04-22 09:25:00',5,970.00,'Completed'),
(1085,20,'2024-05-06','2024-05-06 14:45:00',2,380.00,'Completed'),
(1086,21,'2024-05-18','2024-05-18 16:10:00',4,820.00,'Cancelled'),
(1087,22,'2024-06-01','2024-06-01 10:05:00',3,560.00,'Completed'),
(1088,23,'2024-06-15','2024-06-15 12:30:00',2,340.00,'Completed'),
(1089,24,'2024-07-03','2024-07-03 15:20:00',1,200.00,'Pending'),
(1090,25,'2024-07-19','2024-07-19 11:40:00',5,990.00,'Completed'),
(1091,26,'2024-08-07','2024-08-07 09:50:00',2,370.00,'Completed'),
(1092,27,'2024-08-21','2024-08-21 14:10:00',3,590.00,'Processing'),
(1093,28,'2024-09-04','2024-09-04 16:35:00',4,840.00,'Completed'),
(1094,29,'2024-09-18','2024-09-18 10:20:00',2,350.00,'Completed'),
(1095,30,'2024-10-02','2024-10-02 13:45:00',1,180.00,'Pending'),
(1096,31,'2024-10-17','2024-10-17 17:25:00',5,960.00,'Completed'),
(1097,32,'2024-11-01','2024-11-01 11:15:00',3,540.00,'Completed'),
(1098,33,'2024-11-14','2024-11-14 15:50:00',2,320.00,'Completed'),
(1099,34,'2024-12-03','2024-12-03 10:40:00',4,800.00,'Cancelled'),
(1100,35,'2024-12-20','2024-12-20 16:55:00',2,410.00,'Completed');


-- Using CREATE command, create Suppliers table.

CREATE TABLE Suppliers (
    SupplierID INT PRIMARY KEY,
    SupplierName VARCHAR(100) NOT NULL,
    ContactName VARCHAR(100),
    Phone VARCHAR(15),
    Email VARCHAR(100),
    Address VARCHAR(150),
    City VARCHAR(50),
    Country VARCHAR(50),
    ProductID INT
);


-- Using CREATE command, create Product table.
CREATE TABLE Product (
    ProductID INT PRIMARY KEY,
    ProductName VARCHAR(125) NOT NULL,
    Category VARCHAR(50) NOT NULL,
    CategoryID INT NOT NULL,
    Price DECIMAL(10 , 2 ),
    SupplierID INT NOT NULL,
    OrderID INT UNIQUE
);

-- Insert 100 product records.
INSERT INTO Product (ProductID, ProductName, Category, CategoryID, Price, SupplierID, OrderID) 
VALUES
(1,'Laptop','Electronics',101,55000.00,1,1001),
(2,'Mouse','Electronics',101,750.00,2,1002),
(3,'Keyboard','Electronics',101,1200.00,3,1003),
(4,'Monitor','Electronics',101,8500.00,4,1004),
(5,'Printer','Electronics',101,12500.00,5,1005),
(6,'Desk Chair','Furniture',102,4500.00,6,1006),
(7,'Office Desk','Furniture',102,7800.00,7,1007),
(8,'Bookshelf','Furniture',102,6200.00,8,1008),
(9,'Filing Cabinet','Furniture',102,5400.00,9,1009),
(10,'Whiteboard','Furniture',102,3200.00,10,1010),
(11,'Notebook','Stationery',103,80.00,11,1011),
(12,'Pen','Stationery',103,20.00,12,1012),
(13,'Pencil','Stationery',103,10.00,13,1013),
(14,'Marker','Stationery',103,45.00,14,1014),
(15,'Stapler','Stationery',103,250.00,15,1015),
(16,'Paper Ream','Stationery',103,320.00,16,1016),
(17,'Envelope Pack','Stationery',103,180.00,17,1017),
(18,'Calculator','Electronics',101,950.00,18,1018),
(19,'Scanner','Electronics',101,9200.00,19,1019),
(20,'Projector','Electronics',101,28500.00,20,1020),
(21,'Router','Networking',104,2200.00,21,1021),
(22,'Switch','Networking',104,3800.00,22,1022),
(23,'LAN Cable','Networking',104,450.00,23,1023),
(24,'WiFi Adapter','Networking',104,950.00,24,1024),
(25,'Server Rack','Networking',104,18500.00,25,1025),
(26,'Hard Disk','Storage',105,5200.00,26,1026),
(27,'SSD','Storage',105,6800.00,27,1027),
(28,'USB Drive','Storage',105,650.00,28,1028),
(29,'Memory Card','Storage',105,780.00,29,1029),
(30,'External HDD','Storage',105,7400.00,30,1030),
(31,'Coffee Maker','Appliances',106,3500.00,31,1031),
(32,'Electric Kettle','Appliances',106,1800.00,32,1032),
(33,'Microwave Oven','Appliances',106,9800.00,33,1033),
(34,'Refrigerator','Appliances',106,27500.00,34,1034),
(35,'Water Dispenser','Appliances',106,8200.00,35,1035),
(36,'Air Conditioner','Appliances',106,36500.00,36,1036),
(37,'Fan','Appliances',106,2200.00,37,1037),
(38,'Vacuum Cleaner','Appliances',106,7600.00,38,1038),
(39,'Heater','Appliances',106,2900.00,39,1039),
(40,'Iron Box','Appliances',106,1700.00,40,1040),
(41,'Safety Helmet','Safety',107,850.00,41,1041),
(42,'Safety Gloves','Safety',107,350.00,42,1042),
(43,'Safety Shoes','Safety',107,2200.00,43,1043),
(44,'Safety Goggles','Safety',107,480.00,44,1044),
(45,'First Aid Kit','Safety',107,1250.00,45,1045),
(46,'Fire Extinguisher','Safety',107,3400.00,46,1046),
(47,'Reflective Jacket','Safety',107,950.00,47,1047),
(48,'Ear Plugs','Safety',107,120.00,48,1048),
(49,'Face Shield','Safety',107,580.00,49,1049),
(50,'Mask Pack','Safety',107,250.00,50,1050),
(51,'Hammer','Tools',108,650.00,51,1051),
(52,'Screwdriver Set','Tools',108,850.00,52,1052),
(53,'Drill Machine','Tools',108,4800.00,53,1053),
(54,'Pliers','Tools',108,420.00,54,1054),
(55,'Wrench Set','Tools',108,1100.00,55,1055),
(56,'Saw','Tools',108,980.00,56,1056),
(57,'Measuring Tape','Tools',108,280.00,57,1057),
(58,'Tool Box','Tools',108,1650.00,58,1058),
(59,'Ladder','Tools',108,4200.00,59,1059),
(60,'Paint Brush','Tools',108,180.00,60,1060),
(61,'LED Bulb','Electrical',109,220.00,61,1061),
(62,'Tube Light','Electrical',109,450.00,62,1062),
(63,'Extension Board','Electrical',109,650.00,63,1063),
(64,'Circuit Breaker','Electrical',109,920.00,64,1064),
(65,'Electrical Wire','Electrical',109,1350.00,65,1065),
(66,'Ceiling Light','Electrical',109,1450.00,66,1066),
(67,'Table Lamp','Electrical',109,850.00,67,1067),
(68,'Door Lock','Hardware',110,1250.00,68,1068),
(69,'Door Handle','Hardware',110,620.00,69,1069),
(70,'Nails Pack','Hardware',110,90.00,70,1070),
(71,'Bolts Pack','Hardware',110,120.00,71,1071),
(72,'Screws Pack','Hardware',110,110.00,72,1072),
(73,'Hinges','Hardware',110,180.00,73,1073),
(74,'PVC Pipe','Hardware',110,680.00,74,1074),
(75,'Water Tap','Hardware',110,950.00,75,1075),
(76,'Wash Basin','Hardware',110,2800.00,76,1076),
(77,'Mirror','Home Decor',111,1500.00,77,1077),
(78,'Wall Clock','Home Decor',111,950.00,78,1078),
(79,'Flower Vase','Home Decor',111,780.00,79,1079),
(80,'Curtains','Home Decor',111,2400.00,80,1080),
(81,'Carpet','Home Decor',111,5200.00,81,1081),
(82,'Dining Table','Furniture',102,18500.00,82,1082),
(83,'Sofa','Furniture',102,32500.00,83,1083),
(84,'Bed Frame','Furniture',102,24500.00,84,1084),
(85,'Wardrobe','Furniture',102,29800.00,85,1085),
(86,'TV Stand','Furniture',102,6800.00,86,1086),
(87,'Mobile Phone','Electronics',101,18500.00,87,1087),
(88,'Tablet','Electronics',101,22500.00,88,1088),
(89,'Smart Watch','Electronics',101,7800.00,89,1089),
(90,'Bluetooth Speaker','Electronics',101,3200.00,90,1090),
(91,'Webcam','Electronics',101,2500.00,91,1091),
(92,'Headphones','Electronics',101,2800.00,92,1092),
(93,'Power Bank','Electronics',101,1500.00,93,1093),
(94,'Charger','Electronics',101,650.00,94,1094),
(95,'HDMI Cable','Electronics',101,450.00,95,1095),
(96,'Graphic Tablet','Electronics',101,9500.00,96,1096),
(97,'Camera','Electronics',101,42500.00,97,1097),
(98,'Tripod','Electronics',101,1800.00,98,1098),
(99,'Microphone','Electronics',101,3200.00,99,1099),
(100,'Drone','Electronics',101,68500.00,100,1100);

-- Insert 100 supplier records.
INSERT INTO Suppliers
(SupplierID, SupplierName, ContactName, Phone, Email, Address, City, Country, ProductID)
VALUES
(1,'Alpha Supplies','Amit Kumar','9876500001','amit@alphasupplies.com','12 MG Road','Bengaluru','India',1),
(2,'Apex Traders','Rahul Sharma','9876500002','rahul@apextraders.com','45 Brigade Road','Bengaluru','India',2),
(3,'Allied Distributors','Sneha Patel','9876500003','sneha@allied.com','78 Residency Road','Bengaluru','India',3),
(4,'Aster Imports','Priya Nair','9876500004','priya@aster.com','21 Park Street','Kolkata','India',4),
(5,'Ace Suppliers','Kiran Rao','9876500005','kiran@ace.com','56 Ring Road','Hyderabad','India',5),
(6,'Bright Enterprises','Rohit Verma','9876500006','rohit@bright.com','11 Anna Salai','Chennai','India',6),
(7,'BlueLine Traders','Anjali Singh','9876500007','anjali@blueline.com','89 FC Road','Pune','India',7),
(8,'City Distributors','Vikas Shah','9876500008','vikas@citydist.com','67 Civil Lines','Jaipur','India',8),
(9,'Crystal Supplies','Neha Joshi','9876500009','neha@crystal.com','45 Station Road','Lucknow','India',9),
(10,'Delta Agencies','Arun Das','9876500010','arun@delta.com','10 Beach Road','Visakhapatnam','India',10),
(11,'Dynamic Traders','Suresh Rao','9876500011','suresh@dynamic.com','15 Gandhi Road','Mysuru','India',11),
(12,'Elite Suppliers','Nitin Mehta','9876500012','nitin@elite.com','18 Palace Road','Udaipur','India',12),
(13,'Evergreen Exports','Ritu Sharma','9876500013','ritu@evergreen.com','22 Residency Road','Indore','India',13),
(14,'FastTrack Supply','Ajay Kapoor','9876500014','ajay@fasttrack.com','14 Main Road','Nagpur','India',14),
(15,'Future Distributors','Deepa Iyer','9876500015','deepa@future.com','19 Market Road','Coimbatore','India',15),
(16,'Global Suppliers','Rajesh Nair','9876500016','rajesh@global.com','20 Lake View','Kochi','India',16),
(17,'Golden Traders','Kavita Jain','9876500017','kavita@golden.com','31 Temple Road','Madurai','India',17),
(18,'Green World','Harish Kumar','9876500018','harish@greenworld.com','12 Hill Road','Shimla','India',18),
(19,'Horizon Agencies','Sunil Gupta','9876500019','sunil@horizon.com','55 Airport Road','Ahmedabad','India',19),
(20,'Infinity Traders','Lakshmi Menon','9876500020','lakshmi@infinity.com','61 Central Ave','Nagpur','India',20),
(21,'Jupiter Supplies','Ashok Rao','9876500021','ashok@jupiter.com','90 Link Road','Mumbai','India',21),
(22,'King Distributors','Meena Reddy','9876500022','meena@kingdist.com','71 Park Avenue','Delhi','India',22),
(23,'Lotus Suppliers','Sanjay Singh','9876500023','sanjay@lotus.com','11 MG Road','Bhopal','India',23),
(24,'Metro Traders','Anita Shah','9876500024','anita@metro.com','24 City Center','Surat','India',24),
(25,'National Supply Co','Ramesh Kulkarni','9876500025','ramesh@national.com','19 Station Road','Hubli','India',25),
(26,'Nova Enterprises','Pooja Verma','9876500026','pooja@nova.com','48 Main Street','Noida','India',26),
(27,'Orbit Distributors','Karthik Rao','9876500027','karthik@orbit.com','88 Tech Park','Bengaluru','India',27),
(28,'Prime Suppliers','Sonia Kapoor','9876500028','sonia@prime.com','44 Green Road','Delhi','India',28),
(29,'Quality Traders','Dinesh Patel','9876500029','dinesh@quality.com','29 Market Street','Rajkot','India',29),
(30,'Rapid Agencies','Bhavna Shah','9876500030','bhavna@rapid.com','52 College Road','Nashik','India',30),
(31,'Reliable Supply','Manoj Kumar','9876500031','manoj@reliable.com','81 Lake Road','Patna','India',31),
(32,'Royal Distributors','Geeta Rao','9876500032','geeta@royal.com','74 Garden Road','Mangaluru','India',32),
(33,'Smart Suppliers','Hemant Jain','9876500033','hemant@smart.com','62 Palace Road','Agra','India',33),
(34,'Star Enterprises','Latha Nair','9876500034','latha@star.com','18 East Street','Thrissur','India',34),
(35,'Sunrise Traders','Vijay Sharma','9876500035','vijay@sunrise.com','25 North Road','Kanpur','India',35),
(36,'Supreme Agencies','Preeti Shah','9876500036','preeti@supreme.com','35 Ring Road','Vadodara','India',36),
(37,'TechSource','Abhishek Gupta','9876500037','abhishek@techsource.com','40 IT Park','Pune','India',37),
(38,'Titan Supplies','Shalini Rao','9876500038','shalini@titan.com','90 Industrial Area','Faridabad','India',38),
(39,'United Traders','Mohan Das','9876500039','mohan@united.com','77 Commercial Street','Chandigarh','India',39),
(40,'Universal Supply','Jyoti Patel','9876500040','jyoti@universal.com','15 River Road','Goa','India',40),
(41,'Value Distributors','Naveen Rao','9876500041','naveen@value.com','32 Coastal Road','Goa','India',41),
(42,'Victory Suppliers','Swathi Menon','9876500042','swathi@victory.com','18 Port Road','Kochi','India',42),
(43,'Vision Enterprises','Ravi Singh','9876500043','ravi@vision.com','56 Mall Road','Dehradun','India',43),
(44,'Western Traders','Nisha Kapoor','9876500044','nisha@western.com','29 West End','Delhi','India',44),
(45,'WorldWide Supply','Kishore Rao','9876500045','kishore@worldwide.com','83 Express Road','Chennai','India',45),
(46,'Zenith Suppliers','Farah Ali','9876500046','farah@zenith.com','27 Lake View','Srinagar','India',46),
(47,'Zen Traders','Imran Khan','9876500047','imran@zentraders.com','34 Market Road','Bhopal','India',47),
(48,'Peak Distributors','Rohini Das','9876500048','rohini@peak.com','91 Hill Road','Shillong','India',48),
(49,'Pioneer Agencies','Ajit Sharma','9876500049','ajit@pioneer.com','64 Main Road','Ranchi','India',49),
(50,'Ocean Supplies','Divya Iyer','9876500050','divya@ocean.com','17 Marine Drive','Mumbai','India',50),
(51,'Orbit Supply Co','Arvind Rao','9876500051','arvind@orbitco.com','12 Residency Road','Bengaluru','India',51),
(52,'Alpha Tech','Naveen Kumar','9876500052','naveen@alphatech.com','45 MG Road','Hyderabad','India',52),
(53,'A-One Traders','Megha Shah','9876500053','megha@aone.com','17 Ring Road','Ahmedabad','India',53),
(54,'Alliance Distributors','Rakesh Jain','9876500054','rakesh@alliance.com','33 Civil Lines','Jaipur','India',54),
(55,'Arise Suppliers','Deepak Verma','9876500055','deepak@arise.com','14 Main Road','Lucknow','India',55),
(56,'Best Choice Supply','Shweta Rao','9876500056','shweta@bestchoice.com','76 Market Street','Pune','India',56),
(57,'Capital Traders','Manish Patel','9876500057','manish@capital.com','88 Park Road','Surat','India',57),
(58,'Central Agencies','Pallavi Singh','9876500058','pallavi@central.com','25 Gandhi Road','Nagpur','India',58),
(59,'Classic Suppliers','Anoop Nair','9876500059','anoop@classic.com','66 Temple Road','Kochi','India',59),
(60,'Crown Distributors','Reena Sharma','9876500060','reena@crown.com','44 Station Road','Indore','India',60),
(61,'Digital Supply','Harsha Reddy','9876500061','harsha@digital.com','91 IT Park','Bengaluru','India',61),
(62,'Eastern Traders','Madhuri Das','9876500062','madhuri@eastern.com','35 East Road','Kolkata','India',62),
(63,'Express Suppliers','Vinod Kumar','9876500063','vinod@express.com','58 Airport Road','Delhi','India',63),
(64,'Fine Distributors','Anu Joseph','9876500064','anu@fine.com','73 Link Road','Noida','India',64),
(65,'First Choice','Kunal Shah','9876500065','kunal@firstchoice.com','19 Hill Road','Shimla','India',65),
(66,'Galaxy Traders','Ritu Verma','9876500066','ritu@galaxy.com','80 Lake Road','Bhopal','India',66),
(67,'Grand Suppliers','Ashwin Rao','9876500067','ashwin@grand.com','11 Palace Road','Mysuru','India',67),
(68,'HighPoint Agencies','Neeraj Gupta','9876500068','neeraj@highpoint.com','49 Central Ave','Kanpur','India',68),
(69,'Ideal Distributors','Priti Shah','9876500069','priti@ideal.com','64 Garden Road','Rajkot','India',69),
(70,'Imperial Supply','Siddharth Rao','9876500070','sid@imperial.com','92 College Road','Nashik','India',70),
(71,'Jet Traders','Monika Jain','9876500071','monika@jet.com','23 Market Road','Hubli','India',71),
(72,'Leader Suppliers','Ganesh Kumar','9876500072','ganesh@leader.com','45 River Road','Goa','India',72),
(73,'Master Agencies','Nidhi Kapoor','9876500073','nidhi@master.com','56 Port Road','Mangaluru','India',73),
(74,'Modern Supply','Rohan Singh','9876500074','rohan@modern.com','18 Beach Road','Visakhapatnam','India',74),
(75,'NextGen Traders','Suma Menon','9876500075','suma@nextgen.com','81 Tech Street','Chennai','India',75),
(76,'Optimum Suppliers','Harini Iyer','9876500076','harini@optimum.com','65 Industrial Area','Coimbatore','India',76),
(77,'Power Distributors','Raj Malhotra','9876500077','raj@powerdist.com','39 North Road','Patna','India',77),
(78,'Quick Supply','Anand Rao','9876500078','anand@quick.com','55 South Road','Thrissur','India',78),
(79,'Reliable Enterprises','Bharti Sharma','9876500079','bharti@reliableent.com','13 Commercial Street','Faridabad','India',79),
(80,'Silver Traders','Lokesh Patel','9876500080','lokesh@silver.com','42 City Center','Agra','India',80),
(81,'Skyline Suppliers','Anita Nair','9876500081','anita@skyline.com','71 Express Road','Goa','India',81),
(82,'Superior Agencies','Mahesh Rao','9876500082','mahesh@superior.com','30 Ring Road','Vadodara','India',82),
(83,'Target Distributors','Kavya Shah','9876500083','kavya@target.com','50 Residency Road','Bengaluru','India',83),
(84,'Topline Supply','Ramesh Verma','9876500084','ramesh@topline.com','89 MG Road','Hyderabad','India',84),
(85,'Ultra Traders','Snehal Patel','9876500085','snehal@ultra.com','28 Main Street','Mumbai','India',85),
(86,'Vertex Suppliers','Ajay Singh','9876500086','ajay@vertex.com','34 Civil Lines','Delhi','India',86),
(87,'WestEnd Agencies','Neha Gupta','9876500087','neha@westend.com','16 Green Road','Jaipur','India',87),
(88,'Xpress Distributors','Vikram Rao','9876500088','vikram@xpress.com','61 Station Road','Lucknow','India',88),
(89,'Yellow Star Supply','Poonam Das','9876500089','poonam@yellowstar.com','78 Lake View','Kochi','India',89),
(90,'Zen Global','Faizan Ali','9876500090','faizan@zenglobal.com','26 Market Street','Chandigarh','India',90),
(91,'Alpha Wholesale','Krishna Rao','9876500091','krishna@alphawholesale.com','90 IT Park','Bengaluru','India',91),
(92,'Apex Industrial','Shilpa Menon','9876500092','shilpa@apexind.com','44 Ring Road','Pune','India',92),
(93,'Allied Supply House','Arjun Patel','9876500093','arjun@alliedsupply.com','38 Main Road','Ahmedabad','India',93),
(94,'Advance Traders','Nandini Shah','9876500094','nandini@advance.com','72 Garden Road','Surat','India',94),
(95,'Aster Global','Sanjay Kumar','9876500095','sanjay@asterglobal.com','57 Palace Road','Mysuru','India',95),
(96,'BlueOcean Suppliers','Meera Iyer','9876500096','meera@blueocean.com','84 Tech Park','Chennai','India',96),
(97,'Core Distributors','Vivek Sharma','9876500097','vivek@coredist.com','21 Airport Road','Delhi','India',97),
(98,'Diamond Supply Co','Alok Jain','9876500098','alok@diamond.com','46 Hill Road','Shimla','India',98),
(99,'Everest Traders','Richa Kapoor','9876500099','richa@everest.com','18 Central Road','Nagpur','India',99),
(100,'Fusion Suppliers','Sameer Khan','9876500100','sameer@fusion.com','95 Industrial Estate','Noida','India',100);



-- Create Categories Table
CREATE TABLE Categories (
    CategoryID INT PRIMARY KEY,
    CategoryName VARCHAR(100)
);

-- Create Products Table
CREATE TABLE Products (
    ProductID INT PRIMARY KEY,
    ProductName VARCHAR(100),
    CategoryID INT NULL,
    Price DECIMAL(10,2),
    FOREIGN KEY (CategoryID) REFERENCES Categories(CategoryID)
);

-- Insert 100 records into Categories table
INSERT INTO Categories (CategoryID, CategoryName) VALUES
(1,'Electronics'),
(2,'Mobiles'),
(3,'Laptops'),
(4,'Accessories'),
(5,'Furniture'),
(6,'Kitchen'),
(7,'Books'),
(8,'Clothing'),
(9,'Shoes'),
(10,'Sports'),
(11,'Health'),
(12,'Beauty'),
(13,'Toys'),
(14,'Groceries'),
(15,'Gaming'),
(16,'Automotive'),
(17,'Music'),
(18,'Office'),
(19,'Garden'),
(20,'Jewelry'),
(21,'Watches'),
(22,'Pet Supplies'),
(23,'Baby'),
(24,'Stationery'),
(25,'Fitness'),
(26,'Camera'),
(27,'Networking'),
(28,'Software'),
(29,'Home Decor'),
(30,'Lighting'),
(31,'Cleaning'),
(32,'Storage'),
(33,'Travel'),
(34,'Bags'),
(35,'Medical'),
(36,'Industrial'),
(37,'Tools'),
(38,'Smart Home'),
(39,'Appliances'),
(40,'Outdoor'),
(41,'Beverages'),
(42,'Snacks'),
(43,'Bakery'),
(44,'Frozen Foods'),
(45,'Dairy'),
(46,'Seafood'),
(47,'Meat'),
(48,'Fruits'),
(49,'Vegetables'),
(50,'Organic'),
(51,'Crafts'),
(52,'Party Supplies'),
(53,'Gift Items'),
(54,'Musical Instruments'),
(55,'Printers'),
(56,'Monitors'),
(57,'Projectors'),
(58,'Security'),
(59,'Power'),
(60,'Batteries'),
(61,'Chargers'),
(62,'Cables'),
(63,'Networking Devices'),
(64,'Servers'),
(65,'Cloud'),
(66,'Education'),
(67,'Photography'),
(68,'Video'),
(69,'Audio'),
(70,'VR'),
(71,'AR'),
(72,'Drone'),
(73,'Robotics'),
(74,'AI Devices'),
(75,'Wearables'),
(76,'Smartphones'),
(77,'Tablets'),
(78,'E-readers'),
(79,'Streaming'),
(80,'Movies'),
(81,'Comics'),
(82,'Magazines'),
(83,'Hardware'),
(84,'Electrical'),
(85,'Construction'),
(86,'Safety'),
(87,'Laboratory'),
(88,'Agriculture'),
(89,'Energy'),
(90,'Solar'),
(91,'Water'),
(92,'Recycling'),
(93,'Luxury'),
(94,'Collectibles'),
(95,'Seasonal'),
(96,'Festival'),
(97,'Camping'),
(98,'Fishing'),
(99,'Cycling'),
(100,'Miscellaneous');

-- Insert 100 product records.
INSERT INTO Products (ProductID, ProductName, CategoryID, Price) VALUES
(1,'iPhone 15',76,799.99),
(2,'Samsung Phone S24',76,699.99),
(3,'Gaming Laptop',3,1199.99),
(4,'Office Chair',5,199.99),
(5,'Phone Charger',61,19.99),
(6,'Bluetooth Speaker',69,49.99),
(7,'Phone Case Black',4,15.99),
(8,'Dining Table',5,299.99),
(9,'Wireless Mouse',18,25.99),
(10,'Mechanical Keyboard',18,79.99),
(11,'Phone Stand',4,12.99),
(12,'LED Monitor',56,189.99),
(13,'Smart Watch',75,249.99),
(14,'Android Phone X',76,549.99),
(15,'Desk Lamp',30,35.99),
(16,'USB Cable',62,9.99),
(17,'Phone Screen Guard',4,8.99),
(18,'DSLR Camera',26,899.99),
(19,'Laptop Bag',34,39.99),
(20,'Phone Holder',4,14.99),
(21,'Tablet Pro',77,499.99),
(22,'Notebook',24,4.99),
(23,'Pen Set',24,7.99),
(24,'Coffee Maker',39,89.99),
(25,'Phone Battery',60,24.99),
(26,'Vacuum Cleaner',39,159.99),
(27,'Router',63,59.99),
(28,'Phone Dock',61,29.99),
(29,'Printer',55,149.99),
(30,'Scanner',18,129.99),
(31,'Phone Adapter',61,11.99),
(32,'External SSD',83,99.99),
(33,'Phone Earbuds',69,69.99),
(34,'Air Conditioner',39,499.99),
(35,'Refrigerator',39,699.99),
(36,'Phone Tripod',67,21.99),
(37,'Gaming Console',15,499.99),
(38,'VR Headset',70,399.99),
(39,'Drone Camera',72,999.99),
(40,'Phone Lens Kit',67,34.99),
(41,'Camping Tent',97,149.99),
(42,'Fishing Rod',98,89.99),
(43,'Mountain Bike',99,599.99),
(44,'Phone Wallet',34,18.99),
(45,'Leather Shoes',9,99.99),
(46,'Running Shoes',9,89.99),
(47,'Phone Ring Holder',4,5.99),
(48,'Smart Bulb',38,22.99),
(49,'Phone Cleaning Kit',31,13.99),
(50,'Power Bank',59,39.99),
(51,'Phone Cable USB-C',62,10.99),
(52,'Smart Plug',38,29.99),
(53,'Laptop Cooler',3,27.99),
(54,'Phone Grip',4,6.99),
(55,'Wireless Charger',61,34.99),
(56,'Phone Mount Car',16,17.99),
(57,'Projector HD',57,349.99),
(58,'Phone Gimbal',67,109.99),
(59,'Microphone',69,69.99),
(60,'Phone Micro SD',83,19.99),
(61,'Gaming Mouse',18,59.99),
(62,'Phone Memory Card',83,16.99),
(63,'Smart Door Lock',58,199.99),
(64,'Phone Cooling Fan',4,14.49),
(65,'Electric Drill',37,89.99),
(66,'Safety Helmet',86,44.99),
(67,'Phone Toolkit',37,18.49),
(68,'Solar Panel',90,299.99),
(69,'Phone Flash Drive',83,25.49),
(70,'Water Filter',91,139.99),
(71,'Phone Stylus',4,12.49),
(72,'Robot Vacuum',73,449.99),
(73,'AI Speaker',74,159.99),
(74,'Phone Bluetooth Adapter',69,18.99),
(75,'Wireless Phone Charger',61,39.99),
(76,'Office Desk',18,249.99),
(77,'Phone Cover Premium',4,22.99),
(78,'Reading Lamp',30,26.99),
(79,'Phone Signal Booster',63,79.99),
(80,'Gaming Chair',5,229.99),
(81,'Phone Camera Cover',67,9.49),
(82,'Graphics Tablet',77,179.99),
(83,'Phone USB Hub',62,31.99),
(84,'Server Rack',64,899.99),
(85,'Phone NFC Tag',83,4.99),
(86,'Cloud Backup Drive',65,199.99),
(87,'Phone Repair Kit',37,28.99),
(88,'Monitor Stand',56,42.99),
(89,'Phone Bluetooth Speaker',69,55.99),
(90,'Laptop Stand',3,33.99),
(91,'Phone Gaming Controller',15,59.99),
(92,'Wireless Router AX',63,139.99),
(93,'Phone Data Cable',62,8.99),
(94,'Smart Thermostat',38,189.99),
(95,'Phone Docking Station',61,49.99),
(96,'Travel Backpack',33,69.99),
(97,'Phone Organizer',34,NULL),
(98,'Desk Organizer',18,24.99),
(99,'Phone Wireless Receiver',NULL,27.99),
(100,'Classic Phone',NULL,89.99);